nivel,grupo,personas_ocup_cultura_jefes,insegalim_mod_sev_%,insegalim_sev_%
Nacional,Total,995264,9.858389331875763,4.3680872612693715
Por ámbito,rural,122877,19.464179626781252,9.74389023169511
Por ámbito,urbano,872387,8.505399553179952,3.610897457206492
